INSERT INTO personas (persona_id, apellido_materno, apellido_paterno, codigo_postal, direccion, email, fecha_creacion, fecha_modificacion, fecha_nac, genero, nombre, password, role, status, telefono, usuario_creacion, usuario_modificacion,enabled) VALUES('aa7efd14-b5d2-4641-ac1d-5b3cf62bfd0d', 'García', 'López', 89847, 'Calle 1, Colonia 1', 'hilario@gmail.com', '2023-05-04 12:00:00.000000', NULL, '1990-01-01', 'M', 'Juan', '$2a$10$2Yxrd8zom/8QOH1YTREFhe2MZVgM/f5NSHh8ob3okBMILTbPKkJ6q', 'ROLE_ALUMNO', 1, 5551234567, 'admin', NULL,1);
INSERT INTO `administradores` (`admin_id`, `email`, `enabled`, `fecha_creacion`, `fecha_modificacion`, `password`, `status`, `username`, `usuario_creacion`, `usuario_modificacion`) VALUES ('df88d3ed-f808-450d-8d4a-a6041e0f9741', 'admin@gmail.com', 1, NOW(), NULL, '$2a$10$5u/fv1ivS1hL/UQlx1xnCeCs019ghCROKB8mbZzmDt5gylYjHSZOm', 1, 'admin1', 'master', NULL);
insert into personas (persona_id, apellido_materno, apellido_paterno, codigo_postal, direccion, email, enabled, fecha_creacion, fecha_nac, genero, nombre, password, role, status, telefono, usuario_creacion) values ('2e0a1a57-ffb6-4f70-8add-d33ca8df4f60', 'Peeters', 'Wakefield', '02745', '40632 Morningstar Crossing', 'swakefield0@illinois.edu', 1, '2023-05-06', '2019-11-30', 'F', 'Samaria', '$2a$10$2Yxrd8zom/8QOH1YTREFhe2MZVgM/f5NSHh8ob3okBMILTbPKkJ6q', 'ROLE_ALUMNO', 1, 711032390, 'swakefield0');
insert into personas (persona_id, apellido_materno, apellido_paterno, codigo_postal, direccion, email, enabled, fecha_creacion, fecha_nac, genero, nombre, password, role, status, telefono, usuario_creacion) values ('1821cf61-02a0-41fd-a8c2-680bc4a57e9f', 'Varker', 'Grigoriev', '86373', '7 Cascade Crossing', 'bgrigoriev1@ftc.gov', 1, '2023-05-06', '2023-01-27', 'F', 'Barbette', '$2a$10$2Yxrd8zom/8QOH1YTREFhe2MZVgM/f5NSHh8ob3okBMILTbPKkJ6q', 'ROLE_ALUMNO', 1, 507288863, 'bgrigoriev1');
insert into personas (persona_id, apellido_materno, apellido_paterno, codigo_postal, direccion, email, enabled, fecha_creacion, fecha_nac, genero, nombre, password, role, status, telefono, usuario_creacion) values ('b3c1661a-11d9-42cb-9591-2409711b7da1', 'Chillingsworth', 'Breedy', '04685', '26 Steensland Circle', 'mbreedy2@mapquest.com', 1, '2023-05-06', '2000-09-04', 'M', 'Morty', '$2a$10$2Yxrd8zom/8QOH1YTREFhe2MZVgM/f5NSHh8ob3okBMILTbPKkJ6q', 'ROLE_ALUMNO', 1, 875517862, 'mbreedy2');
insert into personas (persona_id, apellido_materno, apellido_paterno, codigo_postal, direccion, email, enabled, fecha_creacion, fecha_nac, genero, nombre, password, role, status, telefono, usuario_creacion) values ('0d040d16-1522-4453-a8cb-19e32830bafc', 'Batting', 'Sacchetti', '39249', '8180 Grover Hill', 'usacchetti3@imdb.com', 1, '2023-05-06', '2010-02-23', 'F', 'Ursa', '$2a$10$2Yxrd8zom/8QOH1YTREFhe2MZVgM/f5NSHh8ob3okBMILTbPKkJ6q', 'ROLE_ALUMNO', 1, 128741588, 'usacchetti3');
insert into personas (persona_id, apellido_materno, apellido_paterno, codigo_postal, direccion, email, enabled, fecha_creacion, fecha_nac, genero, nombre, password, role, status, telefono, usuario_creacion) values ('ef484e4a-8d1e-4887-ab20-e1670c0660b0', 'Debney', 'Sloegrave', '29860', '15757 Elgar Parkway', 'lsloegrave4@domainmarket.com', 1, '2023-05-06', '2011-04-06', 'F', 'Laverna', '$2a$10$2Yxrd8zom/8QOH1YTREFhe2MZVgM/f5NSHh8ob3okBMILTbPKkJ6q', 'ROLE_ALUMNO', 1, 293760911, 'lsloegrave4');
insert into personas (persona_id, apellido_materno, apellido_paterno, codigo_postal, direccion, email, enabled, fecha_creacion, fecha_nac, genero, nombre, password, role, status, telefono, usuario_creacion) values ('2ad42535-96b5-48ce-8cce-03c1a5d0f52b', 'Sweetland', 'Houlaghan', '20908', '28821 Arkansas Way', 'ihoulaghan0@wunderground.com', 1, '2023-12-02', '1996-09-12', 'M', 'Ilario', '$2a$10$2Yxrd8zom/8QOH1YTREFhe2MZVgM/f5NSHh8ob3okBMILTbPKkJ6q', 'ROLE_PROFESOR', 1, 8129497524, 'ihoulaghan0');
insert into personas (persona_id, apellido_materno, apellido_paterno, codigo_postal, direccion, email, enabled, fecha_creacion, fecha_nac, genero, nombre, password, role, status, telefono, usuario_creacion) values ('0ccfd43f-3c78-452e-a2c1-38c2d2c0b9d9', 'Butland', 'Gutierrez', '04570', '3 Maywood Point', 'egutierrez1@google.co.jp', 1, '2023-11-14', '1990-06-11', 'F', 'Elie', '$2a$10$2Yxrd8zom/8QOH1YTREFhe2MZVgM/f5NSHh8ob3okBMILTbPKkJ6q', 'ROLE_PROFESOR', 1, 9700395087, 'egutierrez1');
insert into personas (persona_id, apellido_materno, apellido_paterno, codigo_postal, direccion, email, enabled, fecha_creacion, fecha_nac, genero, nombre, password, role, status, telefono, usuario_creacion) values ('0345ecc1-ad26-4237-9207-88d8a3b0384f', 'Harbage', 'Rabley', '60847', '8036 Farmco Terrace', 'frabley2@vk.com', 1, '2023-02-06', '1991-04-08', 'F', 'Faith', '$2a$10$2Yxrd8zom/8QOH1YTREFhe2MZVgM/f5NSHh8ob3okBMILTbPKkJ6q', 'ROLE_PROFESOR', 1, 7323950129, 'frabley2');
insert into personas (persona_id, apellido_materno, apellido_paterno, codigo_postal, direccion, email, enabled, fecha_creacion, fecha_nac, genero, nombre, password, role, status, telefono, usuario_creacion) values ('4b27b89d-44bb-4bc8-95a6-c6bae01ad201', 'Rizon', 'Siward', '83326', '70678 Schmedeman Hill', 'ssiward3@foxnews.com', 1, '2023-12-29', '1992-02-26', 'M', 'Swen', '$2a$10$2Yxrd8zom/8QOH1YTREFhe2MZVgM/f5NSHh8ob3okBMILTbPKkJ6q', 'ROLE_PROFESOR', 1, 9761899601, 'ssiward3');
insert into personas (persona_id, apellido_materno, apellido_paterno, codigo_postal, direccion, email, enabled, fecha_creacion, fecha_nac, genero, nombre, password, role, status, telefono, usuario_creacion) values ('f50cd0d8-0269-4b87-b4ad-8ce9d4ac4097', 'Knobell', 'Lazonby', '17679', '7802 West Center', 'tlazonby4@ocn.ne.jp', 1, '2023-05-05', '1999-08-16', 'M', 'Theodor', '$2a$10$2Yxrd8zom/8QOH1YTREFhe2MZVgM/f5NSHh8ob3okBMILTbPKkJ6q', 'ROLE_PROFESOR', 1, 7427447660, 'tlazonby4');
insert into carreras (acronimo, descripcion, fecha_creacion, status, usuario_creacion) values ('ISC', 'Ingeniería en Sistemas Computacionales', '2023/05/06', 1, 'sgilligan0');
insert into carreras (acronimo, descripcion, fecha_creacion, status, usuario_creacion) values ('II', 'Ingeniería Industrial', '2023/05/06', 1, 'bforbear1');
insert into carreras (acronimo, descripcion, fecha_creacion, status, usuario_creacion) values ('LAE', 'Licenciatura en Administración de Empresas', '2023/05/06', 1, 'lwhewell2');
insert into carreras (acronimo, descripcion, fecha_creacion, status, usuario_creacion) values ('LC', 'Licenciatura en Contaduría', '2023/05/06', 1, 'iscarlon3');
insert into carreras (acronimo, descripcion, fecha_creacion, status, usuario_creacion) values ('IE', 'Ingeniería en Electrónica', '2023/05/06', 1, 'mdaniells4');
INSERT INTO `plan_estudios` (`descripcion`, `fecha_creacion`, `nombre`, `status`, `usuario_creacion`, `carrera_id`) VALUES ('Plan de estudio enfocado en el desarrollo de aplicaciones web y móviles.', NOW(), 'DW-009', 1, 'sgilligan0', 1);
INSERT INTO `plan_estudios` (`descripcion`, `fecha_creacion`, `nombre`, `status`, `usuario_creacion`, `carrera_id`) VALUES ('Plan de estudio enfocado en la seguridad de la información y protección de datos.', NOW(), 'SI-007', 1, 'sgilligan0', 1);
INSERT INTO `plan_estudios` (`descripcion`, `fecha_creacion`, `nombre`, `status`, `usuario_creacion`, `carrera_id`) VALUES ('Plan de estudio enfocado en el desarrollo de sistemas inteligentes y aprendizaje automático.', NOW(), 'IA-006', 1, 'sgilligan0', 1);
INSERT INTO `plan_estudios` (`descripcion`, `fecha_creacion`, `nombre`, `status`, `usuario_creacion`, `carrera_id`) VALUES ('Plan de estudio enfocado en el diseño y administración de bases de datos.', NOW(), 'BD-002', 1, 'sgilligan0', 1);
INSERT INTO `plan_estudios` (`descripcion`, `fecha_creacion`, `nombre`, `status`, `usuario_creacion`, `carrera_id`) VALUES ('Plan de estudio enfocado en la arquitectura y diseño de computadoras.', NOW(), 'AC-008', 1, 'sgilligan0', 1);
insert into alumnos (alumno_id,persona_id, creditos_totales, fecha_creacion, generacion, semestre_actual, status, usuario_creacion, carrera_id, plan_estudios_id) values ('SB1231','0d040d16-1522-4453-a8cb-19e32830bafc', 26, '2023-05-05', 2023, 5, 1, 'eandrolli0', 1, 5);
insert into alumnos (alumno_id,persona_id, creditos_totales, fecha_creacion, generacion, semestre_actual, status, usuario_creacion, carrera_id, plan_estudios_id) values ('GV1202','1821cf61-02a0-41fd-a8c2-680bc4a57e9f', 38, '2023-05-05', 2020, 6, 1, 'kcallingham1', 1, 5);
insert into alumnos (alumno_id,persona_id, creditos_totales, fecha_creacion, generacion, semestre_actual, status, usuario_creacion, carrera_id, plan_estudios_id) values ('WP1193','2e0a1a57-ffb6-4f70-8add-d33ca8df4f60', 22, '2023-05-05', 2019, 3, 1, 'ghancock2', 1, 2);
insert into alumnos (alumno_id,persona_id, creditos_totales, fecha_creacion, generacion, semestre_actual, status, usuario_creacion, carrera_id, plan_estudios_id) values ('LG1234','aa7efd14-b5d2-4641-ac1d-5b3cf62bfd0d', 25, '2023-05-05', 2023, 9, 1, 'hhendriks3', 1, 5);
insert into alumnos (alumno_id,persona_id, creditos_totales, fecha_creacion, generacion, semestre_actual, status, usuario_creacion, carrera_id, plan_estudios_id) values ('BC1205','b3c1661a-11d9-42cb-9591-2409711b7da1', 0, '2023-05-05', 2020, 5, 1, 'mfloodgate4', 1, 1);
insert into academias (descripcion, fecha_creacion, status, usuario_creacion) values ('College of Arts and Sciences', '2023-08-26 02:36:18', 1, 'mfawdry0');
insert into academias (descripcion, fecha_creacion, status, usuario_creacion) values ('School of Business', '2023-12-13 15:19:33', 1, 'wfew1');
insert into academias (descripcion, fecha_creacion, status, usuario_creacion) values ('School of Engineering', '2023-08-29 10:30:41', 1, 'dguerra2');
insert into academias (descripcion, fecha_creacion, status, usuario_creacion) values ('School of Law', '2023-12-14 05:26:31', 1, 'lknighton3');
insert into academias (descripcion, fecha_creacion, status, usuario_creacion) values ('School of Medicine', '2023-05-05 20:40:54', 1, 'mplaskitt4');
insert into profesores (profesor_id,fecha_creacion, fecha_ingreso, status, usuario_creacion, academia_id, persona_id) values ('PR2121','2023-08-15 15:41:19', '2012-10-28 10:58:05', 1, 'nwestoll0', 2, '2ad42535-96b5-48ce-8cce-03c1a5d0f52b');
insert into profesores (profesor_id,fecha_creacion, fecha_ingreso, status, usuario_creacion, academia_id, persona_id) values ('PR4122','2023-01-01 12:04:06', '2012-03-08 21:35:21', 1, 'tbane1', 4, '0ccfd43f-3c78-452e-a2c1-38c2d2c0b9d9');
insert into profesores (profesor_id,fecha_creacion, fecha_ingreso, status, usuario_creacion, academia_id, persona_id) values ('PR1133','2023-04-15 14:27:34', '2013-10-10 18:51:08', 1, 'wlohoar2', 1, '0345ecc1-ad26-4237-9207-88d8a3b0384f');
insert into profesores (profesor_id,fecha_creacion, fecha_ingreso, status, usuario_creacion, academia_id, persona_id) values ('PR2154','2023-09-07 12:26:16', '2015-02-06 12:12:49', 1, 'cillidge3', 2, '4b27b89d-44bb-4bc8-95a6-c6bae01ad201');
insert into profesores (profesor_id,fecha_creacion, fecha_ingreso, status, usuario_creacion, academia_id, persona_id) values ('PR1175','2023-03-12 12:44:54', '2017-10-21 09:31:18', 1, 'jpeplow4', 1, 'f50cd0d8-0269-4b87-b4ad-8ce9d4ac4097');
INSERT INTO materias (acronimo, creditos, fecha_creacion, fecha_modificacion, materia_id, nombre, status, unidades, usuario_creacion, usuario_modificacion, academia_id, plan_estudios_id) VALUES('Math', 5, '2023-06-06 09:25:03', NULL, 'MAT-05-08-1', 'Mathematics', 1, 4, 'fgouldie0', NULL, 1, 4);
INSERT INTO materias (acronimo, creditos, fecha_creacion, fecha_modificacion, materia_id, nombre, status, unidades, usuario_creacion, usuario_modificacion, academia_id, plan_estudios_id) VALUES('CS', 2, '2023-04-11 23:59:54', NULL, 'CS-02-08-2', 'Computer Science', 1, 4, 'mdabel1', NULL, 1, 5);
INSERT INTO materias (acronimo, creditos, fecha_creacion, fecha_modificacion, materia_id, nombre, status, unidades, usuario_creacion, usuario_modificacion, academia_id, plan_estudios_id) VALUES('Hist', 4, '2023-02-11 11:41:25', NULL, 'HIS-04-05-3', 'History', 1, 4, 'scleworth2', NULL, 3, 5);
INSERT INTO materias (acronimo, creditos, fecha_creacion, fecha_modificacion, materia_id, nombre, status, unidades, usuario_creacion, usuario_modificacion, academia_id, plan_estudios_id) VALUES('Eng', 8, '2023-06-17 02:26:50', NULL, 'ENG-08-05-4', 'English', 1, 4, 'lsenchenko3', NULL, 3, 1);
INSERT INTO materias (acronimo, creditos, fecha_creacion, fecha_modificacion, materia_id, nombre, status, unidades, usuario_creacion, usuario_modificacion, academia_id, plan_estudios_id) VALUES('Bio', 2, '2023-01-05 12:00:55', NULL, 'BIO-02-08-5', 'Biology', 1, 4, 'jrabl4', NULL, 3, 4);
INSERT INTO materias (acronimo, creditos, fecha_creacion, fecha_modificacion, materia_id, nombre, status, unidades, usuario_creacion, usuario_modificacion, academia_id, plan_estudios_id) VALUES('MD', 2, '2023-05-11 00:00:00', NULL, 'MD-2-3-6', 'Matematicas Discretas', 1, 4, 'admin1', NULL, 3, 4);
INSERT INTO materias (acronimo, creditos, fecha_creacion, fecha_modificacion, materia_id, nombre, status, unidades, usuario_creacion, usuario_modificacion, academia_id, plan_estudios_id) VALUES('FP', 2, '2023-05-11 00:00:00', NULL, 'FP-2-3-7', 'Fundamentos De Programacion', 1, 4, 'admin1', NULL, 3, 4);
INSERT INTO materias (acronimo, creditos, fecha_creacion, fecha_modificacion, materia_id, nombre, status, unidades, usuario_creacion, usuario_modificacion, academia_id, plan_estudios_id) VALUES('POO', 2, '2023-05-11 00:00:00', NULL, 'POO-2-3-8', 'Programacion Orientada A Objetos', 1, 4, 'admin1', NULL, 3, 4);
INSERT INTO materias (acronimo, creditos, fecha_creacion, fecha_modificacion, materia_id, nombre, status, unidades, usuario_creacion, usuario_modificacion, academia_id, plan_estudios_id) VALUES('EDD', 2, '2023-05-11 00:00:00', NULL, 'EDD-2-3-9', 'Estructuras De Datos', 1, 4, 'admin1', NULL, 3, 4);
INSERT INTO materias (acronimo, creditos, fecha_creacion, fecha_modificacion, materia_id, nombre, status, unidades, usuario_creacion, usuario_modificacion, academia_id, plan_estudios_id) VALUES('SO', 2, '2023-05-11 00:00:00', NULL, 'SO-2-3-10', 'Sistemas Operativos', 1, 4, 'admin1', NULL, 3, 4);
INSERT INTO materias (acronimo, creditos, fecha_creacion, fecha_modificacion, materia_id, nombre, status, unidades, usuario_creacion, usuario_modificacion, academia_id, plan_estudios_id) VALUES('FBD', 2, '2023-05-11 00:00:00', NULL, 'FBD-2-3-11', 'Fundamentos de Base de Datos', 1, 4, 'admin1', NULL, 3, 4);
INSERT INTO materias (acronimo, creditos, fecha_creacion, fecha_modificacion, materia_id, nombre, status, unidades, usuario_creacion, usuario_modificacion, academia_id, plan_estudios_id) VALUES('MN', 2, '2023-05-11 00:00:00', NULL, 'MN-2-3-12', 'Métodos Numéricos', 1, 4, 'admin1', NULL, 3, 4);
INSERT INTO materias (acronimo, creditos, fecha_creacion, fecha_modificacion, materia_id, nombre, status, unidades, usuario_creacion, usuario_modificacion, academia_id, plan_estudios_id) VALUES('TSO', 2, '2023-05-11 00:00:00', NULL, 'TSO-2-3-13', 'Taller de Sistemas Operativos', 1, 4, 'admin1', NULL, 3, 4);
INSERT INTO materias (acronimo, creditos, fecha_creacion, fecha_modificacion, materia_id, nombre, status, unidades, usuario_creacion, usuario_modificacion, academia_id, plan_estudios_id) VALUES('TAP', 2, '2023-05-11 00:00:00', NULL, 'TAP-2-3-14', 'Tópicos Avanzados de Programación', 1, 5, 'admin1', NULL, 3, 4);
INSERT INTO materias (acronimo, creditos, fecha_creacion, fecha_modificacion, materia_id, nombre, status, unidades, usuario_creacion, usuario_modificacion, academia_id, plan_estudios_id) VALUES('FT', 2, '2023-05-11 00:00:00', NULL, 'FT-2-3-15', 'Fundamentos de Telecomunicaciones', 1, 4, 'admin1', NULL, 3, 4);
INSERT INTO materias (acronimo, creditos, fecha_creacion, fecha_modificacion, materia_id, nombre, status, unidades, usuario_creacion, usuario_modificacion, academia_id, plan_estudios_id) VALUES('AC', 2, '2023-05-11 00:00:00', NULL, 'AC-2-3-16', 'Arquitectura de Computadoras', 1, 4, 'admin1', NULL, 3, 4);
INSERT INTO materias (acronimo, creditos, fecha_creacion, fecha_modificacion, materia_id, nombre, status, unidades, usuario_creacion, usuario_modificacion, academia_id, plan_estudios_id) VALUES('FIS', 2, '2023-05-11 00:00:00', NULL, 'FIS-2-3-17', 'Fundamentos de Ingeniería de Software', 1, 4, 'admin1', NULL, 3, 4);
INSERT INTO materias (acronimo, creditos, fecha_creacion, fecha_modificacion, materia_id, nombre, status, unidades, usuario_creacion, usuario_modificacion, academia_id, plan_estudios_id) VALUES('SIM', 2, '2023-05-11 00:00:00', NULL, 'SIM-2-3-18', 'Simulación', 1, 4, 'admin1', NULL, 3, 4);
INSERT INTO materias (acronimo, creditos, fecha_creacion, fecha_modificacion, materia_id, nombre, status, unidades, usuario_creacion, usuario_modificacion, academia_id, plan_estudios_id) VALUES('TBD', 2, '2023-05-11 00:00:00', NULL, 'TBD-2-3-19', 'Taller de Base de Datos', 1, 4, 'admin1', NULL, 3, 4);
INSERT INTO materias (acronimo, creditos, fecha_creacion, fecha_modificacion, materia_id, nombre, status, unidades, usuario_creacion, usuario_modificacion, academia_id, plan_estudios_id) VALUES('ABD', 2, '2023-05-11 00:00:00', NULL, 'ABD-2-3-20', 'Administración de Base de Datos', 1, 4, 'admin1', NULL, 3, 4);
INSERT INTO materias (acronimo, creditos, fecha_creacion, fecha_modificacion, materia_id, nombre, status, unidades, usuario_creacion, usuario_modificacion, academia_id, plan_estudios_id) VALUES('IS', 2, '2023-05-11 00:00:00', NULL, 'IS-2-3-21', 'Ingeniería de Software', 1, 4, 'admin1', NULL, 3, 4);
INSERT INTO materias (acronimo, creditos, fecha_creacion, fecha_modificacion, materia_id, nombre, status, unidades, usuario_creacion, usuario_modificacion, academia_id, plan_estudios_id) VALUES('LI', 2, '2023-05-11 00:00:00', NULL, 'LI-2-3-22', 'Lenguajes de Interfaz', 1, 4, 'admin1', NULL, 3, 4);
INSERT INTO materias (acronimo, creditos, fecha_creacion, fecha_modificacion, materia_id, nombre, status, unidades, usuario_creacion, usuario_modificacion, academia_id, plan_estudios_id) VALUES('LA', 2, '2023-05-11 00:00:00', NULL, 'LA-2-3-23', 'Lenguajes y Autómatas I', 1, 4, 'admin1', NULL, 3, 4);
INSERT INTO materias (acronimo, creditos, fecha_creacion, fecha_modificacion, materia_id, nombre, status, unidades, usuario_creacion, usuario_modificacion, academia_id, plan_estudios_id) VALUES('RC', 2, '2023-05-11 00:00:00', NULL, 'RC-2-3-24', 'Redes de Computadoras', 1, 4, 'admin1', NULL, 3, 4);
INSERT INTO materias (acronimo, creditos, fecha_creacion, fecha_modificacion, materia_id, nombre, status, unidades, usuario_creacion, usuario_modificacion, academia_id, plan_estudios_id) VALUES('AS', 2, '2023-05-11 00:00:00', NULL, 'AS-2-3-25', 'Arquitectura de Software', 1, 4, 'admin1', NULL, 3, 4);
INSERT INTO materias (acronimo, creditos, fecha_creacion, fecha_modificacion, materia_id, nombre, status, unidades, usuario_creacion, usuario_modificacion, academia_id, plan_estudios_id) VALUES('CERD', 2, '2023-05-11 00:00:00', NULL, 'CERD-2-3-26', 'Conmutación y Enrutamiento en Redes de Datos', 1, 4, 'admin1', NULL, 3, 4);
INSERT INTO materias (acronimo, creditos, fecha_creacion, fecha_modificacion, materia_id, nombre, status, unidades, usuario_creacion, usuario_modificacion, academia_id, plan_estudios_id) VALUES('GPS', 2, '2023-05-11 00:00:00', NULL, 'GPS-2-3-27', 'Gestión de Proyectos de Software', 1, 4, 'admin1', NULL, 3, 4);
INSERT INTO materias (acronimo, creditos, fecha_creacion, fecha_modificacion, materia_id, nombre, status, unidades, usuario_creacion, usuario_modificacion, academia_id, plan_estudios_id) VALUES('LAII', 2, '2023-05-11 00:00:00', NULL, 'LAII-2-3-28', 'Lenguajes y Autómatas II', 1, 4, 'admin1', NULL, 3, 4);
INSERT INTO materias (acronimo, creditos, fecha_creacion, fecha_modificacion, materia_id, nombre, status, unidades, usuario_creacion, usuario_modificacion, academia_id, plan_estudios_id) VALUES('PLF', 2, '2023-05-11 00:00:00', NULL, 'PLF-2-3-29', 'Programación Lógica y Funcional', 1, 4, 'admin1', NULL, 3, 4);
INSERT INTO materias (acronimo, creditos, fecha_creacion, fecha_modificacion, materia_id, nombre, status, unidades, usuario_creacion, usuario_modificacion, academia_id, plan_estudios_id) VALUES('PM', 2, '2023-05-11 00:00:00', NULL, 'PM-2-3-30', 'Programación nativa de Móviles', 1, 4, 'admin1', NULL, 3, 4);
INSERT INTO materias (acronimo, creditos, fecha_creacion, fecha_modificacion, materia_id, nombre, status, unidades, usuario_creacion, usuario_modificacion, academia_id, plan_estudios_id) VALUES('SP', 2, '2023-05-11 00:00:00', NULL, 'SP-2-3-31', 'Sistemas Programables', 1, 4, 'admin1', NULL, 3, 4);
INSERT INTO materias (acronimo, creditos, fecha_creacion, fecha_modificacion, materia_id, nombre, status, unidades, usuario_creacion, usuario_modificacion, academia_id, plan_estudios_id) VALUES('AR', 2, '2023-05-11 00:00:00', NULL, 'AR-2-3-32', 'Administración de Redes', 1, 4, 'admin1', NULL, 3, 4);
INSERT INTO materias (acronimo, creditos, fecha_creacion, fecha_modificacion, materia_id, nombre, status, unidades, usuario_creacion, usuario_modificacion, academia_id, plan_estudios_id) VALUES('PW', 2, '2023-05-11 00:00:00', NULL, 'PW-2-3-33', 'Programación Web', 1, 4, 'admin1', NULL, 3, 4);
INSERT INTO materias (acronimo, creditos, fecha_creacion, fecha_modificacion, materia_id, nombre, status, unidades, usuario_creacion, usuario_modificacion, academia_id, plan_estudios_id) VALUES('IA', 2, '2023-05-11 00:00:00', NULL, 'IA-2-3-34', 'Inteligencia Artificial', 1, 4, 'admin1', NULL, 3, 4);
INSERT INTO materias (acronimo, creditos, fecha_creacion, fecha_modificacion, materia_id, nombre, status, unidades, usuario_creacion, usuario_modificacion, academia_id, plan_estudios_id) VALUES('IN', 2, '2023-05-11 00:00:00', NULL, 'IN-2-3-35', 'Inteligencia de Negocios', 1, 4, 'admin1', NULL, 3, 4);
INSERT INTO materias (acronimo, creditos, fecha_creacion, fecha_modificacion, materia_id, nombre, status, unidades, usuario_creacion, usuario_modificacion, academia_id, plan_estudios_id) VALUES('MCPN', 2, '2023-05-11 00:00:00', NULL, 'MCPN-2-3-36', 'Modelado Computacional de Procesos de Negocios', 1, 4, 'admin1', NULL, 3, 4);
INSERT INTO materias (acronimo, creditos, fecha_creacion, fecha_modificacion, materia_id, nombre, status, unidades, usuario_creacion, usuario_modificacion, academia_id, plan_estudios_id) VALUES('PWM', 2, '2023-05-11 00:00:00', NULL, 'PWM-2-3-37', 'Programación Web para Móviles', 1, 4, 'admin1', NULL, 3, 4);
INSERT INTO semestre_nombres (acronimo, fecha_creacion, fecha_modificacion, semestre, status, usuario_creacion) VALUES ('ENE18-JUL18', '2023-05-07 09:00:00', NULL, 'ENERO 2018-JULIO 2018', 1, 'default_user');
INSERT INTO semestre_nombres (acronimo, fecha_creacion, fecha_modificacion, semestre, status, usuario_creacion) VALUES ('AGO18-DIC18', '2023-05-07 09:00:00', NULL, 'AGOSTO 2018-DICIEMBRE 2018', 1, 'default_user');
INSERT INTO semestre_nombres (acronimo, fecha_creacion, fecha_modificacion, semestre, status, usuario_creacion) VALUES ('ENE19-JUL19', '2023-05-07 09:00:00', NULL, 'ENERO 2019-JULIO 2019', 1, 'default_user');
INSERT INTO semestre_nombres (acronimo, fecha_creacion, fecha_modificacion, semestre, status, usuario_creacion) VALUES ('AGO19-DIC19', '2023-05-07 09:00:00', NULL, 'AGOSTO 2019-DICIEMBRE 2019', 1, 'default_user');
INSERT INTO semestre_nombres (acronimo, fecha_creacion, fecha_modificacion, semestre, status, usuario_creacion) VALUES ('ENE20-JUL20', '2023-05-07 09:00:00', NULL, 'ENERO 2020-JULIO 2020', 1, 'default_user');
INSERT INTO semestre_nombres (acronimo, fecha_creacion, fecha_modificacion, semestre, status, usuario_creacion) VALUES ('AGO20-DIC20', '2023-05-07 09:00:00', NULL, 'AGOSTO 2020-DICIEMBRE 2020', 1, 'default_user');
INSERT INTO semestre_nombres (acronimo, fecha_creacion, fecha_modificacion, semestre, status, usuario_creacion) VALUES ('ENE21-JUL21', '2023-05-07 09:00:00', NULL, 'ENERO 2021-JULIO 2021', 1, 'default_user');
INSERT INTO semestre_nombres (acronimo, fecha_creacion, fecha_modificacion, semestre, status, usuario_creacion) VALUES ('AGO21-DIC21', '2023-05-07 09:00:00', NULL, 'AGOSTO 2021-DICIEMBRE 2021', 1, 'default_user');
INSERT INTO semestre_nombres (acronimo, fecha_creacion, fecha_modificacion, semestre, status, usuario_creacion) VALUES ('ENE22-JUL22', '2023-05-07 09:00:00', NULL, 'ENERO 2022-JULIO 2022', 1, 'default_user');
INSERT INTO semestre_nombres (acronimo, fecha_creacion, fecha_modificacion, semestre, status, usuario_creacion) VALUES ('AGO22-DIC22', '2023-05-07 09:00:00', NULL, 'AGOSTO 2022-DICIEMBRE 2022', 1, 'default_user');
INSERT INTO semestre_nombres (acronimo, fecha_creacion, fecha_modificacion, semestre, status, usuario_creacion) VALUES ('ENE23-JUL23', '2023-05-07 09:00:00', NULL, 'ENERO 2023-JULIO 2023', 1, 'default_user');
insert into profesores_materias (fecha_creacion, status, usuario_creacion, materia_id, profesor_id, semestre_nombre_id) values ('2023-12-04 18:59:40', 1, 'jcutsforth0', 'HIS-04-05-3', 'PR4122', 4);
insert into profesores_materias (fecha_creacion, status, usuario_creacion, materia_id, profesor_id, semestre_nombre_id) values ('2023-01-19 12:58:45', 1, 'tgors1', 'CS-02-08-2', 'PR1133', 6);
insert into profesores_materias (fecha_creacion, status, usuario_creacion, materia_id, profesor_id, semestre_nombre_id) values ('2023-05-18 10:27:17', 1, 'slabuschagne2', 'BIO-02-08-5', 'PR4122', 11);
insert into profesores_materias (fecha_creacion, status, usuario_creacion, materia_id, profesor_id, semestre_nombre_id) values ('2023-08-20 21:39:50', 1, 'eiacovielli3', 'HIS-04-05-3', 'PR1133', 3);
insert into profesores_materias (fecha_creacion, status, usuario_creacion, materia_id, profesor_id, semestre_nombre_id) values ('2023-12-01 17:31:02', 1, 'jbrumbie4', 'CS-02-08-2', 'PR1133', 2);
insert into profesores_materias (fecha_creacion, status, usuario_creacion, materia_id, profesor_id, semestre_nombre_id) values ('2023-04-09 04:24:17', 1, 'rramsier0', 'MD-2-3-6', 'PR2121', 2);
insert into profesores_materias (fecha_creacion, status, usuario_creacion, materia_id, profesor_id, semestre_nombre_id) values ('2023-02-24 23:29:10', 1, 'tbartoletti1', 'FP-2-3-7', 'PR2121', 2);
insert into profesores_materias (fecha_creacion, status, usuario_creacion, materia_id, profesor_id, semestre_nombre_id) values ('2023-01-30 15:27:26', 1, 'bgreves0', 'POO-2-3-8', 'PR1175', 3);
insert into profesores_materias (fecha_creacion, status, usuario_creacion, materia_id, profesor_id, semestre_nombre_id) values ('2023-01-23 18:46:56', 1, 'bfrantzen0', 'EDD-2-3-9', 'PR1175', 4);
insert into profesores_materias (fecha_creacion, status, usuario_creacion, materia_id, profesor_id, semestre_nombre_id) values ('2023-03-04 09:37:21', 1, 'rscollick1', 'SO-2-3-10', 'PR1175', 4);
insert into profesores_materias (fecha_creacion, status, usuario_creacion, materia_id, profesor_id, semestre_nombre_id) values ('2023-02-22 06:10:33', 1, 'pmattinson0', 'FBD-2-3-11', 'PR2154', 5);
insert into profesores_materias (fecha_creacion, status, usuario_creacion, materia_id, profesor_id, semestre_nombre_id) values ('2023-03-31 16:21:54', 1, 'dchislett1', 'MN-2-3-12', 'PR2154', 5);
insert into profesores_materias (fecha_creacion, status, usuario_creacion, materia_id, profesor_id, semestre_nombre_id) values ('2023-01-29 02:57:26', 1, 'mpohls2', 'TSO-2-3-13', 'PR2154', 5);
insert into profesores_materias (fecha_creacion, status, usuario_creacion, materia_id, profesor_id, semestre_nombre_id) values ('2023-03-09 14:50:33', 1, 'mblakelock3', 'TAP-2-3-14', 'PR2154', 5);
insert into alumnos_materias (fecha_creacion, status, usuario_creacion, alumno_id, profesor_materia_id) values ('2023-01-01 05:43:18', 1, 'rcosh0', 'SB1231', 4);
insert into alumnos_materias (fecha_creacion, status, usuario_creacion, alumno_id, profesor_materia_id) values ('2023-11-07 10:58:20', 1, 'kegerton1', 'BC1205', 1);
insert into alumnos_materias (fecha_creacion, status, usuario_creacion, alumno_id, profesor_materia_id) values ('2023-11-10 15:26:24', 1, 'cwylder2', 'GV1202', 4);
insert into alumnos_materias (fecha_creacion, status, usuario_creacion, alumno_id, profesor_materia_id) values ('2023-11-12 14:42:22', 1, 'ftooke3', 'BC1205', 2);
insert into alumnos_materias (fecha_creacion, status, usuario_creacion, alumno_id, profesor_materia_id) values ('2023-07-02 01:50:10', 1, 'pgrandham4', 'SB1231', 5);
insert into alumnos_materias (fecha_creacion, status, usuario_creacion, alumno_id, profesor_materia_id) values ('2023-04-04 03:00:14', 1, 'nbedboro0', 'LG1234', 6);
insert into alumnos_materias (fecha_creacion, status, usuario_creacion, alumno_id, profesor_materia_id) values ('2023-02-10 07:39:54', 1, 'hchatainier1', 'LG1234', 7);
insert into alumnos_materias (fecha_creacion, status, usuario_creacion, alumno_id, profesor_materia_id) values ('2023-04-22 00:26:41', 1, 'ajones0', 'LG1234', 8);
insert into alumnos_materias (fecha_creacion, status, usuario_creacion, alumno_id, profesor_materia_id) values ('2023-02-12 18:20:00', 1, 'ocutmore0', 'LG1234', 9);
insert into alumnos_materias (fecha_creacion, status, usuario_creacion, alumno_id, profesor_materia_id) values ('2023-01-21 03:49:59', 1, 'agrinham1', 'LG1234', 10);
insert into alumnos_materias (fecha_creacion, status, usuario_creacion, alumno_id, profesor_materia_id) values ('2023-04-15 09:33:31', 1, 'dfronczak0', 'LG1234', 11);
insert into alumnos_materias (fecha_creacion, status, usuario_creacion, alumno_id, profesor_materia_id) values ('2023-03-02 14:11:24', 1, 'mmissington1', 'LG1234', 12);
insert into alumnos_materias (fecha_creacion, status, usuario_creacion, alumno_id, profesor_materia_id) values ('2023-03-11 09:19:47', 1, 'lfurman2', 'LG1234', 13);
insert into alumnos_materias (fecha_creacion, status, usuario_creacion, alumno_id, profesor_materia_id) values ('2023-01-04 15:24:32', 1, 'rsidwell3', 'LG1234', 14);
INSERT INTO alumnos_materias (fecha_creacion, fecha_modificacion, status, usuario_creacion, usuario_modificacion, alumno_id, profesor_materia_id) VALUES('2023-01-04 15:24:32', NULL, 1, 'rsidwell3', NULL, 'WP1193', 9);
INSERT INTO horarios (horario_id, dia_semana, fecha_creacion, fecha_modificacion, horario, status, usuario_creacion, usuario_modificacion) VALUES(1, 1, '2023-05-08 11:03:52', NULL, '7:00-7:55', 1, 'admin1', NULL);
INSERT INTO horarios (horario_id, dia_semana, fecha_creacion, fecha_modificacion, horario, status, usuario_creacion, usuario_modificacion) VALUES(2, 1, '2023-05-08 11:03:52', NULL, '7:55-8:50', 1, 'admin1', NULL);
INSERT INTO horarios (horario_id, dia_semana, fecha_creacion, fecha_modificacion, horario, status, usuario_creacion, usuario_modificacion) VALUES(3, 1, '2023-05-08 11:03:52', NULL, '8:50-9:45', 1, 'admin1', NULL);
INSERT INTO horarios (horario_id, dia_semana, fecha_creacion, fecha_modificacion, horario, status, usuario_creacion, usuario_modificacion) VALUES(4, 1, '2023-05-08 11:03:52', NULL, '9:45-10:40', 1, 'admin1', NULL);
INSERT INTO horarios (horario_id, dia_semana, fecha_creacion, fecha_modificacion, horario, status, usuario_creacion, usuario_modificacion) VALUES(5, 1, '2023-05-08 11:03:52', NULL, '10:40-11:35', 1, 'admin1', NULL);
INSERT INTO horarios (horario_id, dia_semana, fecha_creacion, fecha_modificacion, horario, status, usuario_creacion, usuario_modificacion) VALUES(6, 1, '2023-05-08 11:03:52', NULL, '11:35-12:30', 1, 'admin1', NULL);
INSERT INTO horarios (horario_id, dia_semana, fecha_creacion, fecha_modificacion, horario, status, usuario_creacion, usuario_modificacion) VALUES(7, 1, '2023-05-08 11:03:52', NULL, '12:30-13:25', 1, 'admin1', NULL);
INSERT INTO horarios (horario_id, dia_semana, fecha_creacion, fecha_modificacion, horario, status, usuario_creacion, usuario_modificacion) VALUES(8, 1, '2023-05-08 11:03:52', NULL, '13:25-14:20', 1, 'admin1', NULL);
INSERT INTO horarios (horario_id, dia_semana, fecha_creacion, fecha_modificacion, horario, status, usuario_creacion, usuario_modificacion) VALUES(9, 1, '2023-05-08 11:03:52', NULL, '14:20-15:15', 1, 'admin1', NULL);
INSERT INTO horarios (horario_id, dia_semana, fecha_creacion, fecha_modificacion, horario, status, usuario_creacion, usuario_modificacion) VALUES(10, 1, '2023-05-08 11:03:52', NULL, '15:15-16:10', 1, 'admin1', NULL);
INSERT INTO horarios (horario_id, dia_semana, fecha_creacion, fecha_modificacion, horario, status, usuario_creacion, usuario_modificacion) VALUES(11, 1, '2023-05-08 11:03:52', NULL, '16:10-17:05', 1, 'admin1', NULL);
INSERT INTO horarios (horario_id, dia_semana, fecha_creacion, fecha_modificacion, horario, status, usuario_creacion, usuario_modificacion) VALUES(12, 1, '2023-05-08 11:03:52', NULL, '17:05-18:00', 1, 'admin1', NULL);
INSERT INTO horarios (horario_id, dia_semana, fecha_creacion, fecha_modificacion, horario, status, usuario_creacion, usuario_modificacion) VALUES(13, 1, '2023-05-08 11:03:52', NULL, '18:00-18:55', 1, 'admin1', NULL);
INSERT INTO horarios (horario_id, dia_semana, fecha_creacion, fecha_modificacion, horario, status, usuario_creacion, usuario_modificacion) VALUES(14, 1, '2023-05-08 11:03:52', NULL, '18:55-19:50', 1, 'admin1', NULL);
INSERT INTO horarios (horario_id, dia_semana, fecha_creacion, fecha_modificacion, horario, status, usuario_creacion, usuario_modificacion) VALUES(15, 1, '2023-05-08 11:03:52', NULL, '19:50-20:45', 1, 'admin1', NULL);
INSERT INTO horarios (horario_id, dia_semana, fecha_creacion, fecha_modificacion, horario, status, usuario_creacion, usuario_modificacion) VALUES(16, 2, '2023-05-08 11:04:35', NULL, '7:00-7:55', 1, 'admin1', NULL);
INSERT INTO horarios (horario_id, dia_semana, fecha_creacion, fecha_modificacion, horario, status, usuario_creacion, usuario_modificacion) VALUES(17, 2, '2023-05-08 11:04:35', NULL, '7:55-8:50', 1, 'admin1', NULL);
INSERT INTO horarios (horario_id, dia_semana, fecha_creacion, fecha_modificacion, horario, status, usuario_creacion, usuario_modificacion) VALUES(18, 2, '2023-05-08 11:04:35', NULL, '8:50-9:45', 1, 'admin1', NULL);
INSERT INTO horarios (horario_id, dia_semana, fecha_creacion, fecha_modificacion, horario, status, usuario_creacion, usuario_modificacion) VALUES(19, 2, '2023-05-08 11:04:35', NULL, '9:45-10:40', 1, 'admin1', NULL);
INSERT INTO horarios (horario_id, dia_semana, fecha_creacion, fecha_modificacion, horario, status, usuario_creacion, usuario_modificacion) VALUES(20, 2, '2023-05-08 11:04:35', NULL, '10:40-11:35', 1, 'admin1', NULL);
INSERT INTO horarios (horario_id, dia_semana, fecha_creacion, fecha_modificacion, horario, status, usuario_creacion, usuario_modificacion) VALUES(21, 2, '2023-05-08 11:04:35', NULL, '11:35-12:30', 1, 'admin1', NULL);
INSERT INTO horarios (horario_id, dia_semana, fecha_creacion, fecha_modificacion, horario, status, usuario_creacion, usuario_modificacion) VALUES(22, 2, '2023-05-08 11:04:35', NULL, '12:30-13:25', 1, 'admin1', NULL);
INSERT INTO horarios (horario_id, dia_semana, fecha_creacion, fecha_modificacion, horario, status, usuario_creacion, usuario_modificacion) VALUES(23, 2, '2023-05-08 11:04:35', NULL, '13:25-14:20', 1, 'admin1', NULL);
INSERT INTO horarios (horario_id, dia_semana, fecha_creacion, fecha_modificacion, horario, status, usuario_creacion, usuario_modificacion) VALUES(24, 2, '2023-05-08 11:04:35', NULL, '14:20-15:15', 1, 'admin1', NULL);
INSERT INTO horarios (horario_id, dia_semana, fecha_creacion, fecha_modificacion, horario, status, usuario_creacion, usuario_modificacion) VALUES(25, 2, '2023-05-08 11:04:35', NULL, '15:15-16:10', 1, 'admin1', NULL);
INSERT INTO horarios (horario_id, dia_semana, fecha_creacion, fecha_modificacion, horario, status, usuario_creacion, usuario_modificacion) VALUES(26, 2, '2023-05-08 11:04:35', NULL, '16:10-17:05', 1, 'admin1', NULL);
INSERT INTO horarios (horario_id, dia_semana, fecha_creacion, fecha_modificacion, horario, status, usuario_creacion, usuario_modificacion) VALUES(27, 2, '2023-05-08 11:04:35', NULL, '17:05-18:00', 1, 'admin1', NULL);
INSERT INTO horarios (horario_id, dia_semana, fecha_creacion, fecha_modificacion, horario, status, usuario_creacion, usuario_modificacion) VALUES(28, 2, '2023-05-08 11:04:35', NULL, '18:00-18:55', 1, 'admin1', NULL);
INSERT INTO horarios (horario_id, dia_semana, fecha_creacion, fecha_modificacion, horario, status, usuario_creacion, usuario_modificacion) VALUES(29, 2, '2023-05-08 11:04:35', NULL, '18:55-19:50', 1, 'admin1', NULL);
INSERT INTO horarios (horario_id, dia_semana, fecha_creacion, fecha_modificacion, horario, status, usuario_creacion, usuario_modificacion) VALUES(30, 2, '2023-05-08 11:04:35', NULL, '19:50-20:45', 1, 'admin1', NULL);
INSERT INTO horarios (horario_id, dia_semana, fecha_creacion, fecha_modificacion, horario, status, usuario_creacion, usuario_modificacion) VALUES(31, 3, '2023-05-08 11:05:01', NULL, '7:00-7:55', 1, 'admin1', NULL);
INSERT INTO horarios (horario_id, dia_semana, fecha_creacion, fecha_modificacion, horario, status, usuario_creacion, usuario_modificacion) VALUES(32, 3, '2023-05-08 11:05:01', NULL, '7:55-8:50', 1, 'admin1', NULL);
INSERT INTO horarios (horario_id, dia_semana, fecha_creacion, fecha_modificacion, horario, status, usuario_creacion, usuario_modificacion) VALUES(33, 3, '2023-05-08 11:05:01', NULL, '8:50-9:45', 1, 'admin1', NULL);
INSERT INTO horarios (horario_id, dia_semana, fecha_creacion, fecha_modificacion, horario, status, usuario_creacion, usuario_modificacion) VALUES(34, 3, '2023-05-08 11:05:01', NULL, '9:45-10:40', 1, 'admin1', NULL);
INSERT INTO horarios (horario_id, dia_semana, fecha_creacion, fecha_modificacion, horario, status, usuario_creacion, usuario_modificacion) VALUES(35, 3, '2023-05-08 11:05:01', NULL, '10:40-11:35', 1, 'admin1', NULL);
INSERT INTO horarios (horario_id, dia_semana, fecha_creacion, fecha_modificacion, horario, status, usuario_creacion, usuario_modificacion) VALUES(36, 3, '2023-05-08 11:05:01', NULL, '11:35-12:30', 1, 'admin1', NULL);
INSERT INTO horarios (horario_id, dia_semana, fecha_creacion, fecha_modificacion, horario, status, usuario_creacion, usuario_modificacion) VALUES(37, 3, '2023-05-08 11:05:01', NULL, '12:30-13:25', 1, 'admin1', NULL);
INSERT INTO horarios (horario_id, dia_semana, fecha_creacion, fecha_modificacion, horario, status, usuario_creacion, usuario_modificacion) VALUES(38, 3, '2023-05-08 11:05:01', NULL, '13:25-14:20', 1, 'admin1', NULL);
INSERT INTO horarios (horario_id, dia_semana, fecha_creacion, fecha_modificacion, horario, status, usuario_creacion, usuario_modificacion) VALUES(39, 3, '2023-05-08 11:05:01', NULL, '14:20-15:15', 1, 'admin1', NULL);
INSERT INTO horarios (horario_id, dia_semana, fecha_creacion, fecha_modificacion, horario, status, usuario_creacion, usuario_modificacion) VALUES(40, 3, '2023-05-08 11:05:01', NULL, '15:15-16:10', 1, 'admin1', NULL);
INSERT INTO horarios (horario_id, dia_semana, fecha_creacion, fecha_modificacion, horario, status, usuario_creacion, usuario_modificacion) VALUES(41, 3, '2023-05-08 11:05:01', NULL, '16:10-17:05', 1, 'admin1', NULL);
INSERT INTO horarios (horario_id, dia_semana, fecha_creacion, fecha_modificacion, horario, status, usuario_creacion, usuario_modificacion) VALUES(42, 3, '2023-05-08 11:05:01', NULL, '17:05-18:00', 1, 'admin1', NULL);
INSERT INTO horarios (horario_id, dia_semana, fecha_creacion, fecha_modificacion, horario, status, usuario_creacion, usuario_modificacion) VALUES(43, 3, '2023-05-08 11:05:01', NULL, '18:00-18:55', 1, 'admin1', NULL);
INSERT INTO horarios (horario_id, dia_semana, fecha_creacion, fecha_modificacion, horario, status, usuario_creacion, usuario_modificacion) VALUES(44, 3, '2023-05-08 11:05:01', NULL, '18:55-19:50', 1, 'admin1', NULL);
INSERT INTO horarios (horario_id, dia_semana, fecha_creacion, fecha_modificacion, horario, status, usuario_creacion, usuario_modificacion) VALUES(45, 3, '2023-05-08 11:05:01', NULL, '19:50-20:45', 1, 'admin1', NULL);
INSERT INTO horarios (horario_id, dia_semana, fecha_creacion, fecha_modificacion, horario, status, usuario_creacion, usuario_modificacion) VALUES(46, 4, '2023-05-08 11:05:24', NULL, '7:00-7:55', 1, 'admin1', NULL);
INSERT INTO horarios (horario_id, dia_semana, fecha_creacion, fecha_modificacion, horario, status, usuario_creacion, usuario_modificacion) VALUES(47, 4, '2023-05-08 11:05:24', NULL, '7:55-8:50', 1, 'admin1', NULL);
INSERT INTO horarios (horario_id, dia_semana, fecha_creacion, fecha_modificacion, horario, status, usuario_creacion, usuario_modificacion) VALUES(48, 4, '2023-05-08 11:05:24', NULL, '8:50-9:45', 1, 'admin1', NULL);
INSERT INTO horarios (horario_id, dia_semana, fecha_creacion, fecha_modificacion, horario, status, usuario_creacion, usuario_modificacion) VALUES(49, 4, '2023-05-08 11:05:24', NULL, '9:45-10:40', 1, 'admin1', NULL);
INSERT INTO horarios (horario_id, dia_semana, fecha_creacion, fecha_modificacion, horario, status, usuario_creacion, usuario_modificacion) VALUES(50, 4, '2023-05-08 11:05:24', NULL, '10:40-11:35', 1, 'admin1', NULL);
INSERT INTO horarios (horario_id, dia_semana, fecha_creacion, fecha_modificacion, horario, status, usuario_creacion, usuario_modificacion) VALUES(51, 4, '2023-05-08 11:05:24', NULL, '11:35-12:30', 1, 'admin1', NULL);
INSERT INTO horarios (horario_id, dia_semana, fecha_creacion, fecha_modificacion, horario, status, usuario_creacion, usuario_modificacion) VALUES(52, 4, '2023-05-08 11:05:24', NULL, '12:30-13:25', 1, 'admin1', NULL);
INSERT INTO horarios (horario_id, dia_semana, fecha_creacion, fecha_modificacion, horario, status, usuario_creacion, usuario_modificacion) VALUES(53, 4, '2023-05-08 11:05:24', NULL, '13:25-14:20', 1, 'admin1', NULL);
INSERT INTO horarios (horario_id, dia_semana, fecha_creacion, fecha_modificacion, horario, status, usuario_creacion, usuario_modificacion) VALUES(54, 4, '2023-05-08 11:05:24', NULL, '14:20-15:15', 1, 'admin1', NULL);
INSERT INTO horarios (horario_id, dia_semana, fecha_creacion, fecha_modificacion, horario, status, usuario_creacion, usuario_modificacion) VALUES(55, 4, '2023-05-08 11:05:24', NULL, '15:15-16:10', 1, 'admin1', NULL);
INSERT INTO horarios (horario_id, dia_semana, fecha_creacion, fecha_modificacion, horario, status, usuario_creacion, usuario_modificacion) VALUES(56, 4, '2023-05-08 11:05:24', NULL, '16:10-17:05', 1, 'admin1', NULL);
INSERT INTO horarios (horario_id, dia_semana, fecha_creacion, fecha_modificacion, horario, status, usuario_creacion, usuario_modificacion) VALUES(57, 4, '2023-05-08 11:05:24', NULL, '17:05-18:00', 1, 'admin1', NULL);
INSERT INTO horarios (horario_id, dia_semana, fecha_creacion, fecha_modificacion, horario, status, usuario_creacion, usuario_modificacion) VALUES(58, 4, '2023-05-08 11:05:24', NULL, '18:00-18:55', 1, 'admin1', NULL);
INSERT INTO horarios (horario_id, dia_semana, fecha_creacion, fecha_modificacion, horario, status, usuario_creacion, usuario_modificacion) VALUES(59, 4, '2023-05-08 11:05:24', NULL, '18:55-19:50', 1, 'admin1', NULL);
INSERT INTO horarios (horario_id, dia_semana, fecha_creacion, fecha_modificacion, horario, status, usuario_creacion, usuario_modificacion) VALUES(60, 4, '2023-05-08 11:05:24', NULL, '19:50-20:45', 1, 'admin1', NULL);
INSERT INTO horarios (horario_id, dia_semana, fecha_creacion, fecha_modificacion, horario, status, usuario_creacion, usuario_modificacion) VALUES(61, 5, '2023-05-08 11:05:52', NULL, '7:00-7:55', 1, 'admin1', NULL);
INSERT INTO horarios (horario_id, dia_semana, fecha_creacion, fecha_modificacion, horario, status, usuario_creacion, usuario_modificacion) VALUES(62, 5, '2023-05-08 11:05:52', NULL, '7:55-8:50', 1, 'admin1', NULL);
INSERT INTO horarios (horario_id, dia_semana, fecha_creacion, fecha_modificacion, horario, status, usuario_creacion, usuario_modificacion) VALUES(63, 5, '2023-05-08 11:05:52', NULL, '8:50-9:45', 1, 'admin1', NULL);
INSERT INTO horarios (horario_id, dia_semana, fecha_creacion, fecha_modificacion, horario, status, usuario_creacion, usuario_modificacion) VALUES(64, 5, '2023-05-08 11:05:52', NULL, '9:45-10:40', 1, 'admin1', NULL);
INSERT INTO horarios (horario_id, dia_semana, fecha_creacion, fecha_modificacion, horario, status, usuario_creacion, usuario_modificacion) VALUES(65, 5, '2023-05-08 11:05:52', NULL, '10:40-11:35', 1, 'admin1', NULL);
INSERT INTO horarios (horario_id, dia_semana, fecha_creacion, fecha_modificacion, horario, status, usuario_creacion, usuario_modificacion) VALUES(66, 5, '2023-05-08 11:05:52', NULL, '11:35-12:30', 1, 'admin1', NULL);
INSERT INTO horarios (horario_id, dia_semana, fecha_creacion, fecha_modificacion, horario, status, usuario_creacion, usuario_modificacion) VALUES(67, 5, '2023-05-08 11:05:52', NULL, '12:30-13:25', 1, 'admin1', NULL);
INSERT INTO horarios (horario_id, dia_semana, fecha_creacion, fecha_modificacion, horario, status, usuario_creacion, usuario_modificacion) VALUES(68, 5, '2023-05-08 11:05:52', NULL, '13:25-14:20', 1, 'admin1', NULL);
INSERT INTO horarios (horario_id, dia_semana, fecha_creacion, fecha_modificacion, horario, status, usuario_creacion, usuario_modificacion) VALUES(69, 5, '2023-05-08 11:05:52', NULL, '14:20-15:15', 1, 'admin1', NULL);
INSERT INTO horarios (horario_id, dia_semana, fecha_creacion, fecha_modificacion, horario, status, usuario_creacion, usuario_modificacion) VALUES(70, 5, '2023-05-08 11:05:52', NULL, '15:15-16:10', 1, 'admin1', NULL);
INSERT INTO horarios (horario_id, dia_semana, fecha_creacion, fecha_modificacion, horario, status, usuario_creacion, usuario_modificacion) VALUES(71, 5, '2023-05-08 11:05:52', NULL, '16:10-17:05', 1, 'admin1', NULL);
INSERT INTO horarios (horario_id, dia_semana, fecha_creacion, fecha_modificacion, horario, status, usuario_creacion, usuario_modificacion) VALUES(72, 5, '2023-05-08 11:05:52', NULL, '17:05-18:00', 1, 'admin1', NULL);
INSERT INTO horarios (horario_id, dia_semana, fecha_creacion, fecha_modificacion, horario, status, usuario_creacion, usuario_modificacion) VALUES(73, 5, '2023-05-08 11:05:52', NULL, '18:00-18:55', 1, 'admin1', NULL);
INSERT INTO horarios (horario_id, dia_semana, fecha_creacion, fecha_modificacion, horario, status, usuario_creacion, usuario_modificacion) VALUES(74, 5, '2023-05-08 11:05:52', NULL, '18:55-19:50', 1, 'admin1', NULL);
INSERT INTO horarios (horario_id, dia_semana, fecha_creacion, fecha_modificacion, horario, status, usuario_creacion, usuario_modificacion) VALUES(75, 5, '2023-05-08 11:05:52', NULL, '19:50-20:45', 1, 'admin1', NULL);
INSERT INTO horarios (horario_id, dia_semana, fecha_creacion, fecha_modificacion, horario, status, usuario_creacion, usuario_modificacion) VALUES(76, 6, '2023-05-08 11:06:19', NULL, '7:00-7:55', 1, 'admin1', NULL);
INSERT INTO horarios (horario_id, dia_semana, fecha_creacion, fecha_modificacion, horario, status, usuario_creacion, usuario_modificacion) VALUES(77, 6, '2023-05-08 11:06:19', NULL, '7:55-8:50', 1, 'admin1', NULL);
INSERT INTO horarios (horario_id, dia_semana, fecha_creacion, fecha_modificacion, horario, status, usuario_creacion, usuario_modificacion) VALUES(78, 6, '2023-05-08 11:06:19', NULL, '8:50-9:45', 1, 'admin1', NULL);
INSERT INTO horarios (horario_id, dia_semana, fecha_creacion, fecha_modificacion, horario, status, usuario_creacion, usuario_modificacion) VALUES(79, 6, '2023-05-08 11:06:19', NULL, '9:45-10:40', 1, 'admin1', NULL);
INSERT INTO horarios (horario_id, dia_semana, fecha_creacion, fecha_modificacion, horario, status, usuario_creacion, usuario_modificacion) VALUES(80, 6, '2023-05-08 11:06:19', NULL, '10:40-11:35', 1, 'admin1', NULL);
INSERT INTO horarios (horario_id, dia_semana, fecha_creacion, fecha_modificacion, horario, status, usuario_creacion, usuario_modificacion) VALUES(81, 6, '2023-05-08 11:06:19', NULL, '11:35-12:30', 1, 'admin1', NULL);
INSERT INTO horarios (horario_id, dia_semana, fecha_creacion, fecha_modificacion, horario, status, usuario_creacion, usuario_modificacion) VALUES(82, 6, '2023-05-08 11:06:19', NULL, '12:30-13:25', 1, 'admin1', NULL);
INSERT INTO horarios (horario_id, dia_semana, fecha_creacion, fecha_modificacion, horario, status, usuario_creacion, usuario_modificacion) VALUES(83, 6, '2023-05-08 11:06:19', NULL, '13:25-14:20', 1, 'admin1', NULL);
INSERT INTO horarios (horario_id, dia_semana, fecha_creacion, fecha_modificacion, horario, status, usuario_creacion, usuario_modificacion) VALUES(84, 6, '2023-05-08 11:06:19', NULL, '14:20-15:15', 1, 'admin1', NULL);
INSERT INTO horarios (horario_id, dia_semana, fecha_creacion, fecha_modificacion, horario, status, usuario_creacion, usuario_modificacion) VALUES(85, 6, '2023-05-08 11:06:19', NULL, '15:15-16:10', 1, 'admin1', NULL);
INSERT INTO horarios (horario_id, dia_semana, fecha_creacion, fecha_modificacion, horario, status, usuario_creacion, usuario_modificacion) VALUES(86, 6, '2023-05-08 11:06:19', NULL, '16:10-17:05', 1, 'admin1', NULL);
INSERT INTO horarios (horario_id, dia_semana, fecha_creacion, fecha_modificacion, horario, status, usuario_creacion, usuario_modificacion) VALUES(87, 6, '2023-05-08 11:06:19', NULL, '17:05-18:00', 1, 'admin1', NULL);
INSERT INTO horarios (horario_id, dia_semana, fecha_creacion, fecha_modificacion, horario, status, usuario_creacion, usuario_modificacion) VALUES(88, 6, '2023-05-08 11:06:19', NULL, '18:00-18:55', 1, 'admin1', NULL);
INSERT INTO horarios (horario_id, dia_semana, fecha_creacion, fecha_modificacion, horario, status, usuario_creacion, usuario_modificacion) VALUES(89, 6, '2023-05-08 11:06:19', NULL, '18:55-19:50', 1, 'admin1', NULL);
INSERT INTO horarios (horario_id, dia_semana, fecha_creacion, fecha_modificacion, horario, status, usuario_creacion, usuario_modificacion) VALUES(90, 6, '2023-05-08 11:06:19', NULL, '19:50-20:45', 1, 'admin1', NULL);
insert into clases (aula, fecha_creacion, status, usuario_creacion, horario_id, profesor_materia_id) values ('D101', '2023-08-28 13:26:07', 1, 'sburbank0', 2, 3);
insert into clases (aula, fecha_creacion, status, usuario_creacion, horario_id, profesor_materia_id) values ('D101', '2023-12-17 04:36:49', 1, 'kfigge1', 48, 5);
insert into clases (aula, fecha_creacion, status, usuario_creacion, horario_id, profesor_materia_id) values ('D102', '2023-10-04 11:07:56', 1, 'egillitt2', 13, 2);
insert into clases (aula, fecha_creacion, status, usuario_creacion, horario_id, profesor_materia_id) values ('B103', '2023-01-07 10:11:14', 1, 'rmeasey3', 54, 1);
insert into clases (aula, fecha_creacion, status, usuario_creacion, horario_id, profesor_materia_id) values ('A105', '2023-05-04 15:04:26', 1, 'zgarman4', 28, 1);
insert into clases (aula, fecha_creacion, status, usuario_creacion, horario_id, profesor_materia_id) values ('A103', '2023-10-17 15:09:23', 1, 'hheys5', 90, 3);
insert into clases (aula, fecha_creacion, status, usuario_creacion, horario_id, profesor_materia_id) values ('B101', '2023-11-29 05:40:01', 1, 'vgreetham6', 7, 5);
insert into clases (aula, fecha_creacion, status, usuario_creacion, horario_id, profesor_materia_id) values ('A102', '2023-08-27 02:26:27', 1, 'spharaoh7', 86, 2);
insert into clases (aula, fecha_creacion, status, usuario_creacion, horario_id, profesor_materia_id) values ('C102', '2023-10-16 04:53:40', 1, 'fcordle8', 31, 2);
insert into clases (aula, fecha_creacion, status, usuario_creacion, horario_id, profesor_materia_id) values ('B105', '2023-03-12 05:40:17', 1, 'kswitsur9', 12, 3);
insert into clases (aula, fecha_creacion, status, usuario_creacion, horario_id, profesor_materia_id) values ('B105', '2023-06-01 22:51:59', 1, 'zwilmut0', 10, 11);
insert into clases (aula, fecha_creacion, status, usuario_creacion, horario_id, profesor_materia_id) values ('B105', '2023-06-01 22:51:59', 1, 'zwilmut0', 25, 11);
insert into clases (aula, fecha_creacion, status, usuario_creacion, horario_id, profesor_materia_id) values ('C102', '2023-04-17 15:49:03', 1, 'mklee0', 35, 11);
insert into clases (aula, fecha_creacion, status, usuario_creacion, horario_id, profesor_materia_id) values ('D103', '2023-08-09 08:50:57', 1, 'smouser0', 57, 11);
insert into clases (aula, fecha_creacion, status, usuario_creacion, horario_id, profesor_materia_id) values ('D104', '2023-08-25 09:37:12', 1, 'emaunsell0', 71, 11);
insert into clases (aula, fecha_creacion, status, usuario_creacion, horario_id, profesor_materia_id) values ('A101', '2023-05-21 19:34:23', 1, 'mbelcher0', 8, 12);
insert into clases (aula, fecha_creacion, status, usuario_creacion, horario_id, profesor_materia_id) values ('D102', '2023-08-12 08:01:18', 1, 'apinks0', 16, 12);
insert into clases (aula, fecha_creacion, status, usuario_creacion, horario_id, profesor_materia_id) values ('D105', '2023-02-26 18:37:54', 1, 'dblackwood0', 42, 12);
insert into clases (aula, fecha_creacion, status, usuario_creacion, horario_id, profesor_materia_id) values ('D104', '2023-12-14 03:16:58', 1, 'rfeatonby0', 49, 12);
insert into clases (aula, fecha_creacion, status, usuario_creacion, horario_id, profesor_materia_id) values ('C102', '2023-12-30 05:26:55', 1, 'mthandi0', 68, 12);
insert into clases (aula, fecha_creacion, status, usuario_creacion, horario_id, profesor_materia_id) values ('B104', '2023-03-03 17:32:49', 1, 'smatijasevic0', 7, 13);
insert into clases (aula, fecha_creacion, status, usuario_creacion, horario_id, profesor_materia_id) values ('D105', '2023-09-03 09:31:46', 1, 'dlangfield0', 23, 13);
insert into clases (aula, fecha_creacion, status, usuario_creacion, horario_id, profesor_materia_id) values ('C103', '2023-06-19 12:40:21', 1, 'hsorrie0', 34, 13);
insert into clases (aula, fecha_creacion, status, usuario_creacion, horario_id, profesor_materia_id) values ('B102', '2023-07-29 22:03:31', 1, 'cfassam0', 56, 13);
insert into clases (aula, fecha_creacion, status, usuario_creacion, horario_id, profesor_materia_id) values ('B101', '2023-05-20 13:15:30', 1, 'dguard0', 61, 13);
insert into clases (aula, fecha_creacion, status, usuario_creacion, horario_id, profesor_materia_id) values ('D101', '2023-07-18 12:18:50', 1, 'ihickenbottom0', 9, 14);
insert into clases (aula, fecha_creacion, status, usuario_creacion, horario_id, profesor_materia_id) values ('A102', '2023-04-11 14:02:34', 1, 'ptrundle0', 27, 14);
insert into clases (aula, fecha_creacion, status, usuario_creacion, horario_id, profesor_materia_id) values ('D104', '2023-08-29 11:01:27', 1, 'gcherry0', 32, 14);
insert into clases (aula, fecha_creacion, status, usuario_creacion, horario_id, profesor_materia_id) values ('C103', '2023-05-08 06:30:55', 1, 'adudny0', 51, 14);
insert into clases (aula, fecha_creacion, status, usuario_creacion, horario_id, profesor_materia_id) values ('D105', '2023-08-07 13:18:26', 1, 'vaddington0', 65, 14);
insert into clases (aula, fecha_creacion, status, usuario_creacion, horario_id, profesor_materia_id) values ('C104', '2023-05-10 11:13:52', 1, 'rfaulkner0', 9, 6);
insert into clases (aula, fecha_creacion, status, usuario_creacion, horario_id, profesor_materia_id) values ('D105', '2023-05-10 11:13:52', 1, 'rfaulkner0', 22, 6);
insert into clases (aula, fecha_creacion, status, usuario_creacion, horario_id, profesor_materia_id) values ('D105', '2023-05-10 11:13:52', 1, 'rfaulkner0', 38, 6);
insert into clases (aula, fecha_creacion, status, usuario_creacion, horario_id, profesor_materia_id) values ('B102', '2023-05-10 11:13:52', 1, 'rfaulkner0', 49, 6);
insert into clases (aula, fecha_creacion, status, usuario_creacion, horario_id, profesor_materia_id) values ('C104', '2023-05-10 11:13:52', 1, 'rfaulkner0', 62, 6);
insert into clases (aula, fecha_creacion, status, usuario_creacion, horario_id, profesor_materia_id) values ('C102', '2023-05-10 11:13:52', 1, 'rfaulkner0', 4, 7);
insert into clases (aula, fecha_creacion, status, usuario_creacion, horario_id, profesor_materia_id) values ('D104', '2023-05-10 11:13:52', 1, 'rfaulkner0', 24, 7);
insert into clases (aula, fecha_creacion, status, usuario_creacion, horario_id, profesor_materia_id) values ('C103', '2023-05-10 11:13:52', 1, 'rfaulkner0', 40, 7);
insert into clases (aula, fecha_creacion, status, usuario_creacion, horario_id, profesor_materia_id) values ('B102', '2023-05-10 11:13:52', 1, 'rfaulkner0', 48, 7);
insert into clases (aula, fecha_creacion, status, usuario_creacion, horario_id, profesor_materia_id) values ('C104', '2023-05-10 11:13:52', 1, 'rfaulkner0', 67, 7);
insert into calificaciones (calif, fecha_creacion, status, unidad, usuario_creacion, alumno_materia_id) values (99, '2023-11-04 05:42:19', 1, 1, 'peccott0', 11);
insert into calificaciones (calif, fecha_creacion, status, unidad, usuario_creacion, alumno_materia_id) values (91, '2023-10-26 09:50:05', 1, 2, 'cscemp1', 11);
insert into calificaciones (calif, fecha_creacion, status, unidad, usuario_creacion, alumno_materia_id) values (90, '2023-12-16 05:06:37', 1, 3, 'kcarillo2', 11);
insert into calificaciones (calif, fecha_creacion, status, unidad, usuario_creacion, alumno_materia_id) values (70, '2023-03-11 12:40:59', 1, 4, 'aricht3', 11);
insert into calificaciones (calif, fecha_creacion, status, unidad, usuario_creacion, alumno_materia_id) values (76, '2023-02-25 17:34:07', 1, 1, 'dmcpeck0', 12);
insert into calificaciones (calif, fecha_creacion, status, unidad, usuario_creacion, alumno_materia_id) values (89, '2023-04-19 02:39:39', 1, 2, 'gdjokovic1', 12);
insert into calificaciones (calif, fecha_creacion, status, unidad, usuario_creacion, alumno_materia_id) values (79, '2023-07-13 22:31:21', 1, 3, 'xsellick2', 12);
insert into calificaciones (calif, fecha_creacion, status, unidad, usuario_creacion, alumno_materia_id) values (70, '2023-01-25 04:58:03', 1, 4, 'fcess3', 12);
insert into calificaciones (calif, fecha_creacion, status, unidad, usuario_creacion, alumno_materia_id) values (100, '2023-03-31 04:54:39', 1, 1, 'sjarritt0', 13);
insert into calificaciones (calif, fecha_creacion, status, unidad, usuario_creacion, alumno_materia_id) values (75, '2023-01-08 10:15:44', 1, 2, 'jgilchrest1', 13);
insert into calificaciones (calif, fecha_creacion, status, unidad, usuario_creacion, alumno_materia_id) values (77, '2023-12-18 16:53:05', 1, 3, 'gstears2', 13);
insert into calificaciones (calif, fecha_creacion, status, unidad, usuario_creacion, alumno_materia_id) values (72, '2023-01-20 16:41:32', 1, 4, 'hbaily3', 13);
insert into calificaciones (calif, fecha_creacion, status, unidad, usuario_creacion, alumno_materia_id) values (74, '2023-10-21 08:23:03', 1, 1, 'lcoulman0', 14);
insert into calificaciones (calif, fecha_creacion, status, unidad, usuario_creacion, alumno_materia_id) values (96, '2023-08-20 19:48:38', 1, 2, 'sraise1', 14);
insert into calificaciones (calif, fecha_creacion, status, unidad, usuario_creacion, alumno_materia_id) values (77, '2023-11-23 17:10:46', 1, 3, 'vjohanssen2', 14);
insert into calificaciones (calif, fecha_creacion, status, unidad, usuario_creacion, alumno_materia_id) values (94, '2023-01-04 23:44:29', 1, 4, 'tegre3', 14);
insert into calificaciones (calif, fecha_creacion, status, unidad, usuario_creacion, alumno_materia_id) values (70, '2023-01-04 23:44:29', 1, 5, 'tegre3', 14);